{"cameraMode":{"drawMode":0,"name":"Shaded","section":"Shading Mode"},"sceneLighting":false,"audioPlay":false,"sceneViewState":{"showFog":true,"showMaterialUpdate":false,"showSkybox":true,"showFlares":true,"showImageEffects":true,"showParticleSystems":true},"in2DMode":false,"pivot":{"x":0.05000000447034836,"y":2.604753255844116,"z":-1.0360000133514405},"rotation":{"x":0.4430272579193115,"y":-0.20386359095573426,"z":0.10419835150241852,"w":0.8667809367179871},"size":1.302067518234253,"orthographic":false}