{"cameraMode":{"drawMode":0,"name":"Shaded","section":"Shading Mode"},"sceneLighting":false,"audioPlay":false,"sceneViewState":{"showFog":true,"showMaterialUpdate":false,"showSkybox":true,"showFlares":true,"showImageEffects":true,"showParticleSystems":true},"in2DMode":false,"pivot":{"x":0.4646880030632019,"y":2.6097960472106935,"z":-1.0626469850540162},"rotation":{"x":0.03737427666783333,"y":0.07936236262321472,"z":-0.002977682277560234,"w":0.9961405396461487},"size":1.400071620941162,"orthographic":false}