{"cameraMode":{"drawMode":0,"name":"Shaded","section":"Shading Mode"},"sceneLighting":false,"audioPlay":false,"sceneViewState":{"showFog":true,"showMaterialUpdate":false,"showSkybox":true,"showFlares":true,"showImageEffects":true,"showParticleSystems":true},"in2DMode":false,"pivot":{"x":0.4646880030632019,"y":2.6097960472106935,"z":-1.0626469850540162},"rotation":{"x":0.04046773165464401,"y":0.26649796962738039,"z":-0.011199950240552426,"w":0.9629204869270325},"size":1.400071620941162,"orthographic":false}