{"cameraMode":{"drawMode":0,"name":"Shaded","section":"Shading Mode"},"sceneLighting":false,"audioPlay":false,"sceneViewState":{"showFog":true,"showMaterialUpdate":false,"showSkybox":true,"showFlares":true,"showImageEffects":true,"showParticleSystems":true},"in2DMode":false,"pivot":{"x":0.19599999487400056,"y":0.2527655065059662,"z":0.4158399999141693},"rotation":{"x":0.16564267873764039,"y":0.032539546489715579,"z":-0.005468497984111309,"w":0.9856337308883667},"size":2.282053232192993,"orthographic":false}