{"cameraMode":{"drawMode":0,"name":"Shaded","section":"Shading Mode"},"sceneLighting":false,"audioPlay":false,"sceneViewState":{"showFog":true,"showMaterialUpdate":false,"showSkybox":true,"showFlares":true,"showImageEffects":true,"showParticleSystems":true},"in2DMode":false,"pivot":{"x":0.38234400749206545,"y":1.3048980236053467,"z":-0.6813235282897949},"rotation":{"x":0.4430272579193115,"y":-0.20386359095573426,"z":0.10419835150241852,"w":0.8667809367179871},"size":5.01898193359375,"orthographic":false}