{"cameraMode":{"drawMode":0,"name":"Shaded","section":"Shading Mode"},"sceneLighting":false,"audioPlay":false,"sceneViewState":{"showFog":true,"showMaterialUpdate":false,"showSkybox":true,"showFlares":true,"showImageEffects":true,"showParticleSystems":true},"in2DMode":false,"pivot":{"x":0.03200000151991844,"y":2.614000082015991,"z":-1.0210000276565552},"rotation":{"x":0.4430272579193115,"y":-0.20386359095573426,"z":0.10419835150241852,"w":0.8667809367179871},"size":22.0,"orthographic":false}