{"cameraMode":{"drawMode":0,"name":"Shaded","section":"Shading Mode"},"sceneLighting":true,"audioPlay":false,"sceneViewState":{"showFog":true,"showMaterialUpdate":false,"showSkybox":false,"showFlares":true,"showImageEffects":true,"showParticleSystems":true},"in2DMode":false,"pivot":{"x":-2.0381224155426027,"y":2.9519309997558595,"z":-0.5027270317077637},"rotation":{"x":0.027606073766946794,"y":-0.20192241668701173,"z":-0.005691325291991234,"w":-0.9789992570877075},"size":40.010372161865237,"orthographic":false}