{"cameraMode":{"drawMode":0,"name":"Shaded","section":"Shading Mode"},"sceneLighting":true,"audioPlay":false,"sceneViewState":{"showFog":true,"showMaterialUpdate":false,"showSkybox":true,"showFlares":true,"showImageEffects":true,"showParticleSystems":true},"in2DMode":false,"pivot":{"x":2.27781343460083,"y":-0.3155698776245117,"z":-4.605178356170654},"rotation":{"x":-0.27425360679626467,"y":-0.0014610240468755365,"z":0.0004531012964434922,"w":-0.9616720676422119},"size":5.071940898895264,"orthographic":false}