{"cameraMode":{"drawMode":0,"name":"Shaded","section":"Shading Mode"},"sceneLighting":true,"audioPlay":false,"sceneViewState":{"showFog":true,"showMaterialUpdate":false,"showSkybox":true,"showFlares":true,"showImageEffects":true,"showParticleSystems":true},"in2DMode":false,"pivot":{"x":-0.46324586868286135,"y":2.133159637451172,"z":2.5048742294311525},"rotation":{"x":-0.0703452080488205,"y":0.10662490874528885,"z":-0.007562600076198578,"w":-0.9917795658111572},"size":19.0352783203125,"orthographic":false}