{"cameraMode":{"drawMode":0,"name":"Shaded","section":"Shading Mode"},"sceneLighting":true,"audioPlay":false,"sceneViewState":{"showFog":true,"showMaterialUpdate":false,"showSkybox":true,"showFlares":true,"showImageEffects":true,"showParticleSystems":true},"in2DMode":false,"pivot":{"x":2.0826425552368166,"y":3.5907297134399416,"z":-1.6217371225357056},"rotation":{"x":-0.04820111021399498,"y":-0.22575373947620393,"z":0.0111842704936862,"w":-0.972926914691925},"size":239.497314453125,"orthographic":false}